1,admin_email01@gmail.co.jp,admin_password01,admin_last_name01,admin_first_name01,admin_last_name_kana01,admin_first_name_kana01
2,admin_email02@gmail.co.jp,admin_password02,admin_last_name02,admin_first_name02,admin_last_name_kana02,admin_first_name_kana02
3,admin_email03@gmail.co.jp,admin_password03,admin_last_name03,admin_first_name03,admin_last_name_kana03,admin_first_name_kana03
4,admin_email04@gmail.co.jp,admin_password04,admin_last_name04,admin_first_name04,admin_last_name_kana04,admin_first_name_kana04
5,admin_email05@gmail.co.jp,admin_password05,admin_last_name05,admin_first_name05,admin_last_name_kana05,admin_first_name_kana05
6,admin_email06@gmail.co.jp,admin_password06,admin_last_name06,admin_first_name06,admin_last_name_kana06,admin_first_name_kana06
7,admin_email07@gmail.co.jp,admin_password07,admin_last_name07,admin_first_name07,admin_last_name_kana07,admin_first_name_kana07
8,admin_email08@gmail.co.jp,admin_password08,admin_last_name08,admin_first_name08,admin_last_name_kana08,admin_first_name_kana08
9,admin_email09@gmail.co.jp,admin_password09,admin_last_name09,admin_first_name09,admin_last_name_kana09,admin_first_name_kana09
10,admin_email10@gmail.co.jp,admin_password10,admin_last_name10,admin_first_name10,admin_last_name_kana10,admin_first_name_kana10
11,admin_email11@gmail.co.jp,admin_password11,admin_last_name11,admin_first_name11,admin_last_name_kana11,admin_first_name_kana11
12,admin_email12@gmail.co.jp,admin_password12,admin_last_name12,admin_first_name12,admin_last_name_kana12,admin_first_name_kana12
13,admin_email13@gmail.co.jp,admin_password13,admin_last_name13,admin_first_name13,admin_last_name_kana13,admin_first_name_kana13
14,admin_email14@gmail.co.jp,admin_password14,admin_last_name14,admin_first_name14,admin_last_name_kana14,admin_first_name_kana14
15,admin_email15@gmail.co.jp,admin_password15,admin_last_name15,admin_first_name15,admin_last_name_kana15,admin_first_name_kana15
16,admin_email16@gmail.co.jp,admin_password16,admin_last_name16,admin_first_name16,admin_last_name_kana16,admin_first_name_kana16
17,admin_email17@gmail.co.jp,admin_password17,admin_last_name17,admin_first_name17,admin_last_name_kana17,admin_first_name_kana17
18,admin_email18@gmail.co.jp,admin_password18,admin_last_name18,admin_first_name18,admin_last_name_kana18,admin_first_name_kana18
19,admin_email19@gmail.co.jp,admin_password19,admin_last_name19,admin_first_name19,admin_last_name_kana19,admin_first_name_kana19
20,admin_email20@gmail.co.jp,admin_password20,admin_last_name20,admin_first_name20,admin_last_name_kana20,admin_first_name_kana20
21,admin_email21@gmail.co.jp,admin_password21,admin_last_name21,admin_first_name21,admin_last_name_kana21,admin_first_name_kana21
22,admin_email22@gmail.co.jp,admin_password22,admin_last_name22,admin_first_name22,admin_last_name_kana22,admin_first_name_kana22
23,admin_email23@gmail.co.jp,admin_password23,admin_last_name23,admin_first_name23,admin_last_name_kana23,admin_first_name_kana23
24,admin_email24@gmail.co.jp,admin_password24,admin_last_name24,admin_first_name24,admin_last_name_kana24,admin_first_name_kana24
25,admin_email25@gmail.co.jp,admin_password25,admin_last_name25,admin_first_name25,admin_last_name_kana25,admin_first_name_kana25
26,admin_email26@gmail.co.jp,admin_password26,admin_last_name26,admin_first_name26,admin_last_name_kana26,admin_first_name_kana26
27,admin_email27@gmail.co.jp,admin_password27,admin_last_name27,admin_first_name27,admin_last_name_kana27,admin_first_name_kana27
28,admin_email28@gmail.co.jp,admin_password28,admin_last_name28,admin_first_name28,admin_last_name_kana28,admin_first_name_kana28
29,admin_email29@gmail.co.jp,admin_password29,admin_last_name29,admin_first_name29,admin_last_name_kana29,admin_first_name_kana29
30,admin_email30@gmail.co.jp,admin_password30,admin_last_name30,admin_first_name30,admin_last_name_kana30,admin_first_name_kana30