1,1,クライアント1,運営用備考1,エリア注意点1,1
2,2,クライアント2,運営用備考2,エリア注意点2,2
3,3,クライアント3,運営用備考3,エリア注意点3,3
4,4,クライアント4,運営用備考4,エリア注意点4,4
5,5,クライアント5,運営用備考5,エリア注意点5,5
6,6,クライアント6,運営用備考6,エリア注意点6,6
7,7,クライアント7,運営用備考7,エリア注意点7,7
8,8,クライアント8,運営用備考8,エリア注意点8,8
9,9,クライアント9,運営用備考9,エリア注意点9,9
10,10,クライアント10,運営用備考10,エリア注意点10,10
11,11,クライアント11,運営用備考11,エリア注意点11,11
12,12,クライアント12,運営用備考12,エリア注意点12,12
13,13,クライアント13,運営用備考13,エリア注意点13,13
14,14,クライアント14,運営用備考14,エリア注意点14,14
15,15,クライアント15,運営用備考15,エリア注意点15,15
16,16,クライアント16,運営用備考16,エリア注意点16,16
17,17,クライアント17,運営用備考17,エリア注意点17,17
18,18,クライアント18,運営用備考18,エリア注意点18,18
19,19,クライアント19,運営用備考19,エリア注意点19,19
20,20,クライアント20,運営用備考20,エリア注意点20,20
21,21,クライアント21,運営用備考21,エリア注意点21,21
22,22,クライアント22,運営用備考22,エリア注意点22,22
23,23,クライアント23,運営用備考23,エリア注意点23,23
24,24,クライアント24,運営用備考24,エリア注意点24,24
25,25,クライアント25,運営用備考25,エリア注意点25,25
26,26,クライアント26,運営用備考26,エリア注意点26,26
27,27,クライアント27,運営用備考27,エリア注意点27,27
28,28,クライアント28,運営用備考28,エリア注意点28,28
29,29,クライアント29,運営用備考29,エリア注意点29,29
30,30,クライアント30,運営用備考30,エリア注意点30,30