1,資料請求者_氏名1,資料請求者_氏名_ひらかな1,070-8899-7788,document_requests01@gmail.com,222-0001,1,1,1,1,1,010-8899-7788,流入元サイトコード01,2020/3/12 12:12,利用端末01,http://scd_site_lp.co.jp,,運営用備考01,1
2,資料請求者_氏名2,資料請求者_氏名_ひらかな2,070-8899-7789,document_requests02@gmail.com,222-0002,1,1,1,1,2,010-8899-7789,流入元サイトコード02,2020/3/13 12:12,利用端末02,http://scd_site_lp.co.jp,,運営用備考02,2
3,資料請求者_氏名3,資料請求者_氏名_ひらかな3,070-8899-7790,document_requests03@gmail.com,222-0003,1,1,1,1,3,010-8899-7790,流入元サイトコード03,2020/3/14 12:12,利用端末03,http://scd_site_lp.co.jp,,運営用備考03,3
4,資料請求者_氏名4,資料請求者_氏名_ひらかな4,070-8899-7791,document_requests04@gmail.com,222-0004,1,1,1,1,4,010-8899-7791,流入元サイトコード04,2020/3/15 12:12,利用端末04,http://scd_site_lp.co.jp,,運営用備考04,4
5,資料請求者_氏名5,資料請求者_氏名_ひらかな5,070-8899-7792,document_requests05@gmail.com,222-0005,1,1,1,1,1,010-8899-7792,流入元サイトコード05,2020/3/16 12:12,利用端末05,http://scd_site_lp.co.jp,,運営用備考05,5
6,資料請求者_氏名6,資料請求者_氏名_ひらかな6,070-8899-7793,document_requests06@gmail.com,222-0006,1,1,1,1,2,010-8899-7793,流入元サイトコード06,2020/3/17 12:12,利用端末06,http://scd_site_lp.co.jp,,運営用備考06,6
7,資料請求者_氏名7,資料請求者_氏名_ひらかな7,070-8899-7794,document_requests07@gmail.com,222-0007,1,1,1,1,3,010-8899-7794,流入元サイトコード07,2020/3/18 12:12,利用端末07,http://scd_site_lp.co.jp,,運営用備考07,7
8,資料請求者_氏名8,資料請求者_氏名_ひらかな8,070-8899-7795,document_requests08@gmail.com,222-0008,1,1,1,1,4,010-8899-7795,流入元サイトコード08,2020/3/19 12:12,利用端末08,http://scd_site_lp.co.jp,,運営用備考08,8
9,資料請求者_氏名9,資料請求者_氏名_ひらかな9,070-8899-7796,document_requests09@gmail.com,222-0009,1,1,1,1,1,010-8899-7796,流入元サイトコード09,2020/3/20 12:12,利用端末09,http://scd_site_lp.co.jp,,運営用備考09,9
10,資料請求者_氏名10,資料請求者_氏名_ひらかな10,070-8899-7797,document_requests10@gmail.com,222-0010,1,1,1,1,2,010-8899-7797,流入元サイトコード10,2020/3/21 12:12,利用端末10,http://scd_site_lp.co.jp,,運営用備考10,10
11,資料請求者_氏名11,資料請求者_氏名_ひらかな11,070-8899-7798,document_requests11@gmail.com,222-0011,1,1,1,1,3,010-8899-7798,流入元サイトコード11,2020/3/22 12:12,利用端末11,http://scd_site_lp.co.jp,,運営用備考11,11
12,資料請求者_氏名12,資料請求者_氏名_ひらかな12,070-8899-7799,document_requests12@gmail.com,222-0012,1,1,1,1,4,010-8899-7799,流入元サイトコード12,2020/3/23 12:12,利用端末12,http://scd_site_lp.co.jp,,運営用備考12,12
13,資料請求者_氏名13,資料請求者_氏名_ひらかな13,070-8899-7800,document_requests13@gmail.com,222-0013,1,1,1,1,1,010-8899-7800,流入元サイトコード13,2020/3/24 12:12,利用端末13,http://scd_site_lp.co.jp,,運営用備考13,13
14,資料請求者_氏名14,資料請求者_氏名_ひらかな14,070-8899-7801,document_requests14@gmail.com,222-0014,1,1,1,1,2,010-8899-7801,流入元サイトコード14,2020/3/25 12:12,利用端末14,http://scd_site_lp.co.jp,,運営用備考14,14
15,資料請求者_氏名15,資料請求者_氏名_ひらかな15,070-8899-7802,document_requests15@gmail.com,222-0015,1,1,1,1,3,010-8899-7802,流入元サイトコード15,2020/3/26 12:12,利用端末15,http://scd_site_lp.co.jp,,運営用備考15,15
16,資料請求者_氏名16,資料請求者_氏名_ひらかな16,070-8899-7803,document_requests16@gmail.com,222-0016,1,1,1,1,4,010-8899-7803,流入元サイトコード16,2020/3/27 12:12,利用端末16,http://scd_site_lp.co.jp,,運営用備考16,16
17,資料請求者_氏名17,資料請求者_氏名_ひらかな17,070-8899-7804,document_requests17@gmail.com,222-0017,1,1,1,1,1,010-8899-7804,流入元サイトコード17,2020/3/28 12:12,利用端末17,http://scd_site_lp.co.jp,,運営用備考17,17
18,資料請求者_氏名18,資料請求者_氏名_ひらかな18,070-8899-7805,document_requests18@gmail.com,222-0018,1,1,1,1,2,010-8899-7805,流入元サイトコード18,2020/3/29 12:12,利用端末18,http://scd_site_lp.co.jp,,運営用備考18,18
19,資料請求者_氏名19,資料請求者_氏名_ひらかな19,070-8899-7806,document_requests19@gmail.com,222-0019,1,1,1,1,3,010-8899-7806,流入元サイトコード19,2020/3/30 12:12,利用端末19,http://scd_site_lp.co.jp,,運営用備考19,19
20,資料請求者_氏名20,資料請求者_氏名_ひらかな20,070-8899-7807,document_requests20@gmail.com,222-0020,1,1,1,1,4,010-8899-7807,流入元サイトコード20,2020/3/31 12:12,利用端末20,http://scd_site_lp.co.jp,,運営用備考20,20
21,資料請求者_氏名21,資料請求者_氏名_ひらかな21,070-8899-7808,document_requests21@gmail.com,222-0021,1,1,1,1,1,010-8899-7808,流入元サイトコード21,2020/4/1 12:12,利用端末21,http://scd_site_lp.co.jp,,運営用備考21,21
22,資料請求者_氏名22,資料請求者_氏名_ひらかな22,070-8899-7809,document_requests22@gmail.com,222-0022,1,1,1,1,2,010-8899-7809,流入元サイトコード22,2020/4/2 12:12,利用端末22,http://scd_site_lp.co.jp,,運営用備考22,22
23,資料請求者_氏名23,資料請求者_氏名_ひらかな23,070-8899-7810,document_requests23@gmail.com,222-0023,1,1,1,1,3,010-8899-7810,流入元サイトコード23,2020/4/3 12:12,利用端末23,http://scd_site_lp.co.jp,,運営用備考23,23
24,資料請求者_氏名24,資料請求者_氏名_ひらかな24,070-8899-7811,document_requests24@gmail.com,222-0024,1,1,1,1,4,010-8899-7811,流入元サイトコード24,2020/4/4 12:12,利用端末24,http://scd_site_lp.co.jp,,運営用備考24,24
25,資料請求者_氏名25,資料請求者_氏名_ひらかな25,070-8899-7812,document_requests25@gmail.com,222-0025,1,1,1,1,1,010-8899-7812,流入元サイトコード25,2020/4/5 12:12,利用端末25,http://scd_site_lp.co.jp,,運営用備考25,25
26,資料請求者_氏名26,資料請求者_氏名_ひらかな26,070-8899-7813,document_requests26@gmail.com,222-0026,1,1,1,1,2,010-8899-7813,流入元サイトコード26,2020/4/6 12:12,利用端末26,http://scd_site_lp.co.jp,,運営用備考26,26
27,資料請求者_氏名27,資料請求者_氏名_ひらかな27,070-8899-7814,document_requests27@gmail.com,222-0027,1,1,1,1,3,010-8899-7814,流入元サイトコード27,2020/4/7 12:12,利用端末27,http://scd_site_lp.co.jp,,運営用備考27,27
28,資料請求者_氏名28,資料請求者_氏名_ひらかな28,070-8899-7815,document_requests28@gmail.com,222-0028,1,1,1,1,4,010-8899-7815,流入元サイトコード28,2020/4/8 12:12,利用端末28,http://scd_site_lp.co.jp,,運営用備考28,28
29,資料請求者_氏名29,資料請求者_氏名_ひらかな29,070-8899-7816,document_requests29@gmail.com,222-0029,1,1,1,1,1,010-8899-7816,流入元サイトコード29,2020/4/9 12:12,利用端末29,http://scd_site_lp.co.jp,,運営用備考29,29
30,資料請求者_氏名30,資料請求者_氏名_ひらかな30,070-8899-7817,document_requests30@gmail.com,222-0030,1,1,1,1,2,010-8899-7817,流入元サイトコード30,2020/4/10 12:12,利用端末30,http://scd_site_lp.co.jp,,運営用備考30,30