1,1,名前1,notification01@gmail.com
2,1,名前2,notification02@gmail.com
3,1,名前3,notification03@gmail.com
4,1,名前4,notification04@gmail.com
5,2,名前5,notification05@gmail.com
6,2,名前6,notification06@gmail.com
7,2,名前7,notification07@gmail.com
8,2,名前8,notification08@gmail.com
9,3,名前9,notification09@gmail.com
10,3,名前10,notification10@gmail.com
11,3,名前11,notification11@gmail.com
12,3,名前12,notification12@gmail.com
13,3,名前13,notification13@gmail.com
14,4,名前14,notification14@gmail.com
15,4,名前15,notification15@gmail.com
16,4,名前16,notification16@gmail.com
17,4,名前17,notification17@gmail.com
18,4,名前18,notification18@gmail.com
19,4,名前19,notification19@gmail.com
20,5,名前20,notification20@gmail.com
21,5,名前21,notification21@gmail.com
22,5,名前22,notification22@gmail.com
23,5,名前23,notification23@gmail.com
24,6,名前24,notification24@gmail.com
25,6,名前25,notification25@gmail.com
26,6,名前26,notification26@gmail.com
27,6,名前27,notification27@gmail.com
28,6,名前28,notification28@gmail.com
29,6,名前29,notification29@gmail.com
30,7,名前30,notification30@gmail.com