1,登録名称1,取引先コード1-01,担当者コード1-01,CL請求書記載法人名称01,備考1
2,登録名称2,取引先コード1-02,担当者コード1-02,CL請求書記載法人名称02,備考2
3,登録名称3,取引先コード1-03,担当者コード1-03,CL請求書記載法人名称03,備考3
4,登録名称4,取引先コード1-04,担当者コード1-04,CL請求書記載法人名称04,備考4
5,登録名称5,取引先コード1-05,担当者コード1-05,CL請求書記載法人名称05,備考5
6,登録名称6,取引先コード1-06,担当者コード1-06,CL請求書記載法人名称06,備考6
7,登録名称7,取引先コード1-07,担当者コード1-07,CL請求書記載法人名称07,備考7
8,登録名称8,取引先コード1-08,担当者コード1-08,CL請求書記載法人名称08,備考8
9,登録名称9,取引先コード1-09,担当者コード1-09,CL請求書記載法人名称09,備考9
10,登録名称10,取引先コード1-10,担当者コード1-10,CL請求書記載法人名称10,備考10
11,登録名称11,取引先コード1-11,担当者コード1-11,CL請求書記載法人名称11,備考11
12,登録名称12,取引先コード1-12,担当者コード1-12,CL請求書記載法人名称12,備考12
13,登録名称13,取引先コード1-13,担当者コード1-13,CL請求書記載法人名称13,備考13
14,登録名称14,取引先コード1-14,担当者コード1-14,CL請求書記載法人名称14,備考14
15,登録名称15,取引先コード1-15,担当者コード1-15,CL請求書記載法人名称15,備考15
16,登録名称16,取引先コード1-16,担当者コード1-16,CL請求書記載法人名称16,備考16
17,登録名称17,取引先コード1-17,担当者コード1-17,CL請求書記載法人名称17,備考17
18,登録名称18,取引先コード1-18,担当者コード1-18,CL請求書記載法人名称18,備考18
19,登録名称19,取引先コード1-19,担当者コード1-19,CL請求書記載法人名称19,備考19
20,登録名称20,取引先コード1-20,担当者コード1-20,CL請求書記載法人名称20,備考20
21,登録名称21,取引先コード1-21,担当者コード1-21,CL請求書記載法人名称21,備考21
22,登録名称22,取引先コード1-22,担当者コード1-22,CL請求書記載法人名称22,備考22
23,登録名称23,取引先コード1-23,担当者コード1-23,CL請求書記載法人名称23,備考23
24,登録名称24,取引先コード1-24,担当者コード1-24,CL請求書記載法人名称24,備考24
25,登録名称25,取引先コード1-25,担当者コード1-25,CL請求書記載法人名称25,備考25
26,登録名称26,取引先コード1-26,担当者コード1-26,CL請求書記載法人名称26,備考26
27,登録名称27,取引先コード1-27,担当者コード1-27,CL請求書記載法人名称27,備考27
28,登録名称28,取引先コード1-28,担当者コード1-28,CL請求書記載法人名称28,備考28
29,登録名称29,取引先コード1-29,担当者コード1-29,CL請求書記載法人名称29,備考29
30,登録名称30,取引先コード1-30,担当者コード1-30,CL請求書記載法人名称30,備考30