1,1,evidences01.pdf
2,2,evidences02.pdf
3,10,evidences03.pdf
4,4,evidences04.pdf
5,5,evidences05.pdf
6,1,evidences06.pdf
7,7,evidences07.pdf
8,8,evidences08.pdf
9,20,evidences09.pdf
10,10,evidences10.pdf
11,11,evidences11.pdf
12,12,evidences12.pdf
13,13,evidences13.pdf
14,14,evidences14.pdf
15,15,evidences15.pdf
16,16,evidences16.pdf
17,17,evidences17.pdf
18,18,evidences18.pdf
19,19,evidences19.pdf
20,20,evidences20.pdf
21,21,evidences21.pdf
22,22,evidences22.pdf
23,23,evidences23.pdf
24,24,evidences24.pdf
25,25,evidences25.pdf
26,26,evidences26.pdf
27,27,evidences27.pdf
28,28,evidences28.pdf
29,29,evidences29.pdf
30,30,evidences30.pdf