1,1,1,名前1,notification01@gmail.com,1
2,2,2,名前2,notification02@gmail.com,0
3,3,3,名前3,notification03@gmail.com,1
4,4,4,名前4,notification04@gmail.com,0
5,5,5,名前5,notification05@gmail.com,1
6,6,6,名前6,notification06@gmail.com,0
7,7,7,名前7,notification07@gmail.com,1
8,8,8,名前8,notification08@gmail.com,0
9,9,9,名前9,notification09@gmail.com,1
10,10,10,名前10,notification10@gmail.com,0
11,11,11,名前11,notification11@gmail.com,1
12,12,12,名前12,notification12@gmail.com,0
13,13,13,名前13,notification13@gmail.com,1
14,14,14,名前14,notification14@gmail.com,0
15,15,15,名前15,notification15@gmail.com,1
16,16,16,名前16,notification16@gmail.com,0
17,17,17,名前17,notification17@gmail.com,1
18,18,18,名前18,notification18@gmail.com,0
19,19,19,名前19,notification19@gmail.com,1
20,20,20,名前20,notification20@gmail.com,0
21,21,21,名前21,notification21@gmail.com,1
22,22,22,名前22,notification22@gmail.com,0
23,23,23,名前23,notification23@gmail.com,1
24,24,24,名前24,notification24@gmail.com,0
25,25,25,名前25,notification25@gmail.com,1
26,26,26,名前26,notification26@gmail.com,0
27,27,27,名前27,notification27@gmail.com,1
28,28,28,名前28,notification28@gmail.com,0
29,29,29,名前29,notification29@gmail.com,1
30,30,30,名前30,notification30@gmail.com,0