1,1,事業所1,CL定義コード1,運営用備考1,2020/12/31 9:23
2,2,事業所2,CL定義コード2,運営用備考2,2021/1/1 9:23
3,3,事業所3,CL定義コード3,運営用備考3,2021/1/2 9:23
4,1,事業所4,CL定義コード4,運営用備考4,2021/1/3 9:23
5,20,事業所5,CL定義コード5,運営用備考5,2021/1/4 9:23
6,6,事業所6,CL定義コード6,運営用備考6,2021/1/5 9:23
7,7,事業所7,CL定義コード7,運営用備考7,2021/1/6 9:23
8,4,事業所8,CL定義コード8,運営用備考8,2021/1/7 9:23
9,9,事業所9,CL定義コード9,運営用備考9,2021/1/8 9:23
10,10,事業所10,CL定義コード10,運営用備考10,2021/1/9 9:23
11,11,事業所11,CL定義コード11,運営用備考11,2021/1/10 9:23
12,6,事業所12,CL定義コード12,運営用備考12,2021/1/11 9:23
13,13,事業所13,CL定義コード13,運営用備考13,2021/1/12 9:23
14,14,事業所14,CL定義コード14,運営用備考14,2021/1/13 9:23
15,15,事業所15,CL定義コード15,運営用備考15,2021/1/14 9:23
16,16,事業所16,CL定義コード16,運営用備考16,2021/1/15 9:23
17,9,事業所17,CL定義コード17,運営用備考17,2021/1/16 9:23
18,18,事業所18,CL定義コード18,運営用備考18,2021/1/17 9:23
19,19,事業所19,CL定義コード19,運営用備考19,2021/1/18 9:23
20,20,事業所20,CL定義コード20,運営用備考20,2021/1/19 9:23
21,21,事業所21,CL定義コード21,運営用備考21,2021/1/20 9:23
22,22,事業所22,CL定義コード22,運営用備考22,2021/1/21 9:23
23,23,事業所23,CL定義コード23,運営用備考23,2021/1/22 9:23
24,24,事業所24,CL定義コード24,運営用備考24,2021/1/23 9:23
25,25,事業所25,CL定義コード25,運営用備考25,2021/1/24 9:23
26,26,事業所26,CL定義コード26,運営用備考26,2021/1/25 9:23
27,27,事業所27,CL定義コード27,運営用備考27,2021/1/26 9:23
28,28,事業所28,CL定義コード28,運営用備考28,2021/1/27 9:23
29,29,事業所29,CL定義コード29,運営用備考29,2021/1/28 9:23
30,30,事業所30,CL定義コード30,運営用備考30,2021/1/29 9:23