1,1,名前1,肩書き1,email01@gmail.com,090-2222-8777,運営用備考1
2,2,名前2,肩書き2,email02@gmail.com,090-2222-8778,運営用備考2
3,3,名前3,肩書き3,email03@gmail.com,090-2222-8779,運営用備考3
4,4,名前4,肩書き4,email04@gmail.com,090-2222-8780,運営用備考4
5,5,名前5,肩書き5,email05@gmail.com,090-2222-8781,運営用備考5
6,3,名前6,肩書き6,email06@gmail.com,090-2222-8782,運営用備考6
7,7,名前7,肩書き7,email07@gmail.com,090-2222-8783,運営用備考7
8,5,名前8,肩書き8,email08@gmail.com,090-2222-8784,運営用備考8
9,9,名前9,肩書き9,email09@gmail.com,090-2222-8785,運営用備考9
10,10,名前10,肩書き10,email10@gmail.com,090-2222-8786,運営用備考10
11,11,名前11,肩書き11,email11@gmail.com,090-2222-8787,運営用備考11
12,12,名前12,肩書き12,email12@gmail.com,090-2222-8788,運営用備考12
13,13,名前13,肩書き13,email13@gmail.com,090-2222-8789,運営用備考13
14,10,名前14,肩書き14,email14@gmail.com,090-2222-8790,運営用備考14
15,15,名前15,肩書き15,email15@gmail.com,090-2222-8791,運営用備考15
16,16,名前16,肩書き16,email16@gmail.com,090-2222-8792,運営用備考16
17,17,名前17,肩書き17,email17@gmail.com,090-2222-8793,運営用備考17
18,18,名前18,肩書き18,email18@gmail.com,090-2222-8794,運営用備考18
19,13,名前19,肩書き19,email19@gmail.com,090-2222-8795,運営用備考19
20,20,名前20,肩書き20,email20@gmail.com,090-2222-8796,運営用備考20
21,21,名前21,肩書き21,email21@gmail.com,090-2222-8797,運営用備考21
22,22,名前22,肩書き22,email22@gmail.com,090-2222-8798,運営用備考22
23,23,名前23,肩書き23,email23@gmail.com,090-2222-8799,運営用備考23
24,20,名前24,肩書き24,email24@gmail.com,090-2222-8800,運営用備考24
25,25,名前25,肩書き25,email25@gmail.com,090-2222-8801,運営用備考25
26,26,名前26,肩書き26,email26@gmail.com,090-2222-8802,運営用備考26
27,24,名前27,肩書き27,email27@gmail.com,090-2222-8803,運営用備考27
28,28,名前28,肩書き28,email28@gmail.com,090-2222-8804,運営用備考28
29,29,名前29,肩書き29,email29@gmail.com,090-2222-8805,運営用備考29
30,30,名前30,肩書き30,email30@gmail.com,090-2222-8806,運営用備考30