1,user_email01@gmail.co.jp,password01,user_last_name01,user_first_name01,user_last_name_kana01,user_first_name_kana01
2,user_email02@gmail.co.jp,password02,user_last_name02,user_first_name02,user_last_name_kana02,user_first_name_kana02
3,user_email03@gmail.co.jp,password03,user_last_name03,user_first_name03,user_last_name_kana03,user_first_name_kana03
4,user_email04@gmail.co.jp,password04,user_last_name04,user_first_name04,user_last_name_kana04,user_first_name_kana04
5,user_email05@gmail.co.jp,password05,user_last_name05,user_first_name05,user_last_name_kana05,user_first_name_kana05
6,user_email06@gmail.co.jp,password06,user_last_name06,user_first_name06,user_last_name_kana06,user_first_name_kana06
7,user_email07@gmail.co.jp,password07,user_last_name07,user_first_name07,user_last_name_kana07,user_first_name_kana07
8,user_email08@gmail.co.jp,password08,user_last_name08,user_first_name08,user_last_name_kana08,user_first_name_kana08
9,user_email09@gmail.co.jp,password09,user_last_name09,user_first_name09,user_last_name_kana09,user_first_name_kana09
10,user_email10@gmail.co.jp,password10,user_last_name10,user_first_name10,user_last_name_kana10,user_first_name_kana10
11,user_email11@gmail.co.jp,password11,user_last_name11,user_first_name11,user_last_name_kana11,user_first_name_kana11
12,user_email12@gmail.co.jp,password12,user_last_name12,user_first_name12,user_last_name_kana12,user_first_name_kana12
13,user_email13@gmail.co.jp,password13,user_last_name13,user_first_name13,user_last_name_kana13,user_first_name_kana13
14,user_email14@gmail.co.jp,password14,user_last_name14,user_first_name14,user_last_name_kana14,user_first_name_kana14
15,user_email15@gmail.co.jp,password15,user_last_name15,user_first_name15,user_last_name_kana15,user_first_name_kana15
16,user_email16@gmail.co.jp,password16,user_last_name16,user_first_name16,user_last_name_kana16,user_first_name_kana16
17,user_email17@gmail.co.jp,password17,user_last_name17,user_first_name17,user_last_name_kana17,user_first_name_kana17
18,user_email18@gmail.co.jp,password18,user_last_name18,user_first_name18,user_last_name_kana18,user_first_name_kana18
19,user_email19@gmail.co.jp,password19,user_last_name19,user_first_name19,user_last_name_kana19,user_first_name_kana19
20,user_email20@gmail.co.jp,password20,user_last_name20,user_first_name20,user_last_name_kana20,user_first_name_kana20
21,user_email21@gmail.co.jp,password21,user_last_name21,user_first_name21,user_last_name_kana21,user_first_name_kana21
22,user_email22@gmail.co.jp,password22,user_last_name22,user_first_name22,user_last_name_kana22,user_first_name_kana22
23,user_email23@gmail.co.jp,password23,user_last_name23,user_first_name23,user_last_name_kana23,user_first_name_kana23
24,user_email24@gmail.co.jp,password24,user_last_name24,user_first_name24,user_last_name_kana24,user_first_name_kana24
25,user_email25@gmail.co.jp,password25,user_last_name25,user_first_name25,user_last_name_kana25,user_first_name_kana25
26,user_email26@gmail.co.jp,password26,user_last_name26,user_first_name26,user_last_name_kana26,user_first_name_kana26
27,user_email27@gmail.co.jp,password27,user_last_name27,user_first_name27,user_last_name_kana27,user_first_name_kana27
28,user_email28@gmail.co.jp,password28,user_last_name28,user_first_name28,user_last_name_kana28,user_first_name_kana28
29,user_email29@gmail.co.jp,password29,user_last_name29,user_first_name29,user_last_name_kana29,user_first_name_kana29
30,user_email30@gmail.co.jp,password30,user_last_name30,user_first_name30,user_last_name_kana30,user_first_name_kana30